1408573000000,-0.4001242203610541,0.0007107418888490572,0.010780362125974061,-0.28100474022336286,0.059365907666284023,0.010475057670842971,-0.3910789181080317,0.003801544652687749,0.010717461188802178
1408588000000,-0.4001242203610541,0.0007107418888490572,0.010780362125974061,-0.28100474022336286,0.059365907666284023,0.010475057670842971,-0.3910789181080317,0.003801544652687749,0.010717461188802178
1408687000000,-0.4001245920154059,0.0007129320357175562,0.010814162152160436,-0.28100474022336286,0.059365907666284023,0.010475057670842971,-0.3910789181080317,0.003801544652687749,0.010717461188802178
1408789000000,-0.3961810037946594,0.0007585861123940263,0.011511704575623585,-0.2745257045247458,0.04743239391178067,0.016754263432626412,-0.37708149314307154,0.003518117611530266,0.04208245807879583
1408887000000,-0.38695944866348975,0.0009465643370403686,0.033891888034234555,-0.2745257045247458,0.04743239391178067,0.016754263432626412,-0.37708149314307154,0.003518117611530266,0.04208245807879583
1408981000000,-0.3771829147965017,0.0014178689743495922,0.06380153227147035,-0.2745257045247458,0.04743239391178067,0.016754263432626412,-0.37708149314307154,0.003518117611530266,0.04208245807879583
1409086000000,-0.36743043654452323,0.0021782643677516074,0.09336762411619631,-0.2745257045247458,0.04743239391178067,0.016754263432626412,-0.37708149314307154,0.003518117611530266,0.04208245807879583
1409189000000,-0.3579211373084942,0.0031962277439928164,0.11984812807896632,-0.2838296643189344,0.055438012438408624,0.012996165432450508,-0.35119907722504434,0.005920935379578621,0.11540545252806489
1409284000000,-0.3483126357498622,0.004486947548818726,0.1484786707731195,-0.2838296643189344,0.055438012438408624,0.012996165432450508,-0.35119907722504434,0.005920935379578621,0.11540545252806489
1409399000000,-0.3386733610262731,0.006072050871787632,0.17751874654055863,-0.2838296643189344,0.055438012438408624,0.012996165432450508,-0.35119907722504434,0.005920935379578621,0.11540545252806489
1409488000000,-0.32916238262652964,0.007918479414321791,0.2077708218269323,-0.25494516053205896,-0.001925494861753605,0.0767569744081333,-0.32276392859328606,0.007739563734820895,0.1972729079048126
1409587000000,-0.31971240449207006,0.010056179981856726,0.23829917517097093,-0.25494516053205896,-0.001925494861753605,0.0767569744081333,-0.32276392859328606,0.007739563734820895,0.1972729079048126
1409688000000,-0.3103202394810505,0.012484010629889656,0.26898396826121723,-0.25494516053205896,-0.001925494861753605,0.0767569744081333,-0.32276392859328606,0.007739563734820895,0.1972729079048126
1409786000000,-0.3009906697102942,0.01520350007538885,0.2997330931536331,-0.2352106173555617,0.14891355246345087,0.09238442491682095,-0.29467765256765804,0.021513100039312616,0.2828107157302627
1409886000000,-0.29174019091275205,0.018209784950495505,0.33034823821692244,-0.2352106173555617,0.14891355246345087,0.09238442491682095,-0.29467765256765804,0.021513100039312616,0.2828107157302627
1409986000000,-0.2826293353860363,0.021483441843953205,0.35999649359911945,-0.19427406517916523,0.06375198186514441,0.26725969455994686,-0.27610901375894115,0.023553636550291437,0.3508333391281452
1410084000000,-0.2736095072964463,0.025026254862159113,0.38946549031833716,-0.19427406517916523,0.06375198186514441,0.26725969455994686,-0.27610901375894115,0.023553636550291437,0.3508333391281452
1410186000000,-0.26467305804272817,0.028843721024763767,0.4190147268339657,-0.19427406517916523,0.06375198186514441,0.26725969455994686,-0.27610901375894115,0.023553636550291437,0.3508333391281452
1410289000000,-0.25583310352090616,0.03293244024722294,0.44857477078448005,-0.19950196954430233,0.10741029844594041,0.31727105499681385,-0.24249040537247887,0.040834077050488034,0.4668459598910373
1410383000000,-0.24709719001824085,0.037290944361780924,0.47818137166166286,-0.19950196954430233,0.10741029844594041,0.31727105499681385,-0.24249040537247887,0.040834077050488034,0.4668459598910373
1410500000000,-0.2384766443621912,0.041914833181501465,0.5078740919257759,-0.19950196954430233,0.10741029844594041,0.31727105499681385,-0.24249040537247887,0.040834077050488034,0.4668459598910373
1410597000000,-0.2299907259911492,0.04679596681261331,0.5377839013725881,-0.147908485044697,0.06443010613976452,0.43326054018161597,-0.2157720926700173,0.053039064998670796,0.5578311423169711
1410686000000,-0.22166489352309693,0.051920336065129816,0.5680068870190649,-0.147908485044697,0.06443010613976452,0.43326054018161597,-0.2157720926700173,0.053039064998670796,0.5578311423169711
1410784000000,-0.21366024861945365,0.057188798959347614,0.5999806320313843,-0.147908485044697,0.06443010613976452,0.43326054018161597,-0.2157720926700173,0.053039064998670796,0.5578311423169711
1410894000000,-0.2059802556756924,0.06261498306645152,0.6303785406476249,-0.147908485044697,0.06443010613976452,0.43326054018161597,-0.2157720926700173,0.053039064998670796,0.5578311423169711
1410986000000,-0.1982604414360085,0.06842201217032245,0.660485717494495,-0.14267264188209228,-0.02783301680031687,0.5597621325501483,-0.19361199973105986,0.06541545531991233,0.6549456103889978
1411085000000,-0.19071027514728348,0.07446506366319935,0.6906799573716946,-0.14267264188209228,-0.02783301680031687,0.5597621325501483,-0.19361199973105986,0.06541545531991233,0.6549456103889978
1411185000000,-0.18333134707712145,0.08074641215891641,0.7209532630119727,-0.1131915466046487,0.11080862178345363,0.6110680989524323,-0.1781524966977742,0.08255395612019299,0.7123462546851995
1411297000000,-0.17612849110385706,0.08726436558058556,0.7512566452815794,-0.1131915466046487,0.11080862178345363,0.6110680989524323,-0.1781524966977742,0.08255395612019299,0.7123462546851995
1411388000000,-0.1691091039679346,0.09401410029493443,0.7815727362266285,-0.09471722796799753,0.11886550446020827,0.6759391320679637,-0.16372590805879866,0.09576724452831226,0.7739607193353696
1411494000000,-0.16228236856374523,0.10098764184306348,0.8118471172295115,-0.09471722796799753,0.11886550446020827,0.6759391320679637,-0.16372590805879866,0.09576724452831226,0.7739607193353696
1411589000000,-0.15566759580274817,0.10816434516935315,0.8418100226652777,-0.08232375221019739,0.1437045342006641,0.7303231488020121,-0.15045274207482157,0.110477864780948,0.8342758223419762
1411687000000,-0.1493665733471336,0.1154214800127337,0.8694080509643336,-0.08232375221019739,0.1437045342006641,0.7303231488020121,-0.15045274207482157,0.110477864780948,0.8342758223419762
1411791000000,-0.14320531780610632,0.12292312877750186,0.8981880246022321,-0.076583999095031,0.17329206875670788,0.7934286345469559,-0.1332605002319719,0.13289793702479302,0.9169051338943124
1411883000000,-0.1372396369871162,0.13063166382745345,0.9274192765465049,-0.076583999095031,0.17329206875670788,0.7934286345469559,-0.1332605002319719,0.13289793702479302,0.9169051338943124
1412010000000,-0.13150113194291005,0.1385127846548629,0.9569194454975892,-0.05877525639908865,0.18386139415127312,0.8522843141514879,-0.12137438243117965,0.1493372196045076,0.9780618147515865
1412090000000,-0.12600832864602335,0.14655271588982158,0.9868754595123301,-0.05877525639908865,0.18386139415127312,0.8522843141514879,-0.12137438243117965,0.1493372196045076,0.9780618147515865
1412189000000,-0.12086026814448839,0.15461150000961177,1.019077997203455,-0.05877525639908865,0.18386139415127312,0.8522843141514879,-0.12137438243117965,0.1493372196045076,0.9780618147515865
1412286000000,-0.11589897374924579,0.16294829768012487,1.049932524189537,-0.05877525639908865,0.18386139415127312,0.8522843141514879,-0.12137438243117965,0.1493372196045076,0.9780618147515865
1412383000000,-0.11119306442606029,0.17143589217805646,1.0806608744618509,-0.04047059966756339,0.1828835718483952,0.9342199718085111,-0.10687403551004349,0.17270263615303608,1.0685209332371441
1412490000000,-0.10679027154225104,0.17998859569804443,1.1100235377537504,-0.04047059966756339,0.1828835718483952,0.9342199718085111,-0.10687403551004349,0.17270263615303608,1.0685209332371441
1412586000000,-0.10266658396346807,0.18858062311557314,1.1378710829761163,-0.04047059966756339,0.1828835718483952,0.9342199718085111,-0.10687403551004349,0.17270263615303608,1.0685209332371441
1412686000000,-0.09872856002895028,0.1974336244482614,1.167665995519516,-0.1262922022447602,0.23848031005621295,1.0315493686196504,-0.09981219501347224,0.20019773101205712,1.1580150797678213
1412786000000,-0.09504765086773437,0.20642023684853125,1.1974772362916077,-0.1262922022447602,0.23848031005621295,1.0315493686196504,-0.09981219501347224,0.20019773101205712,1.1580150797678213
1412886000000,-0.09162763110960005,0.21553575886120527,1.2273235281199832,-0.09593360528565886,0.25711819088440135,1.1242995847695318,-0.09168502345482733,0.218056839536446,1.219590010121785
1412990000000,-0.0884731786386574,0.22477219976909543,1.2571956616957296,-0.09593360528565886,0.25711819088440135,1.1242995847695318,-0.09168502345482733,0.218056839536446,1.219590010121785
1413090000000,-0.08558883666559425,0.23412020814282783,1.2870838250699568,-0.11224219137472125,0.2872569659030564,1.1712770848327954,-0.08652189294344906,0.23821982291400298,1.2811089641581073
1413185000000,-0.0829794207999076,0.24356367945065827,1.3169220198903526,-0.11224219137472125,0.2872569659030564,1.1712770848327954,-0.08652189294344906,0.23821982291400298,1.2811089641581073
1413295000000,-0.0806558480800724,0.2530556161901497,1.3463194184288625,-0.05744902702153802,0.3108187771229476,1.261965037190464,-0.07759580324529668,0.26536451075163886,1.3664645879744686
1413386000000,-0.07865657627977948,0.26235678375065197,1.3725063394479402,-0.05744902702153802,0.3108187771229476,1.261965037190464,-0.07759580324529668,0.26536451075163886,1.3664645879744686
1413484000000,-0.07688133746790343,0.27190538039621276,1.4017799184589899,-0.05744902702153802,0.3108187771229476,1.261965037190464,-0.07759580324529668,0.26536451075163886,1.3664645879744686
1413593000000,-0.07540061773140654,0.28143573297550123,1.4322524183797005,-0.0947063516922264,0.3234158131499729,1.3134043972304905,-0.07620399992365977,0.28451718425956835,1.4230616045588271
1413684000000,-0.07420303477143717,0.29104589083484356,1.4625652748356062,-0.0947063516922264,0.3234158131499729,1.3134043972304905,-0.07620399992365977,0.28451718425956835,1.4230616045588271
1413788000000,-0.07329690543641133,0.3006979710306807,1.493044912910885,-0.0651632796202441,0.35511682052453586,1.3892360780194253,-0.07292194629575158,0.3048365220744112,1.4861731724378262
1413881000000,-0.0726846343796321,0.31039025277475224,1.5236003266138998,-0.0651632796202441,0.35511682052453586,1.3892360780194253,-0.07292194629575158,0.3048365220744112,1.4861731724378262
1413981000000,-0.07236767260918113,0.320115471059804,1.55413832403751,-0.06800262932166273,0.3792790735619691,1.4476025835924307,-0.07223400272247087,0.3239808582460944,1.5451570532474335
1414085000000,-0.07234660632616241,0.32984741623291924,1.5843911211200796,-0.06800262932166273,0.3792790735619691,1.4476025835924307,-0.07223400272247087,0.3239808582460944,1.5451570532474335
1414185000000,-0.07261310539495923,0.33941457451288676,1.61204651303884,-0.06809499245015775,0.3890569479134276,1.4998947671141534,-0.07249994985848314,0.34258307546558603,1.603103925698887
1414294000000,-0.07313972475559928,0.3490324654758217,1.640314419952412,-0.09005463175722878,0.4029051875053098,1.5622687233569126,-0.07473482230644633,0.36224408799091334,1.6628868144470885
1414384000000,-0.07395352566617193,0.35873117633513,1.6696963872667836,-0.09005463175722878,0.4029051875053098,1.5622687233569126,-0.07473482230644633,0.36224408799091334,1.6628868144470885
1414495000000,-0.07505392203448241,0.3684238861772686,1.699124591554858,-0.1467138499413223,0.4004768159289054,1.599416122575705,-0.07473482230644633,0.36224408799091334,1.6628868144470885
1414579000000,-0.07644156240887377,0.3781004205131577,1.7286362418917225,-0.1467138499413223,0.4004768159289054,1.599416122575705,-0.07914257965061747,0.37982287328148556,1.7181580682413533
1414685000000,-0.07811576167437015,0.38774176127541266,1.7583436183340506,-0.1467138499413223,0.4004768159289054,1.599416122575705,-0.07914257965061747,0.37982287328148556,1.7181580682413533
1414792000000,-0.08007024013942755,0.39731090912810363,1.7886278972133052,-0.1462880247921431,0.4217873717554763,1.6607993752049435,-0.08263000345872629,0.3994948420683466,1.778483008360925
1414885000000,-0.08227386783431999,0.4066002457368558,1.8214542368644386,-0.1462880247921431,0.4217873717554763,1.6607993752049435,-0.08263000345872629,0.3994948420683466,1.778483008360925
1414990000000,-0.08476769015372154,0.4157281872746823,1.8540104370424142,-0.1466988292633159,0.44656798216304705,1.7241819296180598,-0.08723623143977109,0.41870339914775395,1.8419176279178227
1415084000000,-0.08758812028745117,0.4249278816116078,1.8836414418664862,-0.1466988292633159,0.44656798216304705,1.7241819296180598,-0.08723623143977109,0.41870339914775395,1.8419176279178227
1415188000000,-0.09069519150943128,0.43407931702437674,1.9137526201772608,-0.15151026570287474,0.4588154372239104,1.7833105677236778,-0.093071408981548,0.436493455217393,1.9038139722356044
1415282000000,-0.09408236111877218,0.44314876956178306,1.9439048269397399,-0.15151026570287474,0.4588154372239104,1.7833105677236778,-0.093071408981548,0.436493455217393,1.9038139722356044
1415391000000,-0.09775077341163435,0.4521339314080677,1.97408556030422,-0.15903048474715054,0.48280958605392854,1.870369438530721,-0.10403916802396712,0.4633633076503555,1.9945346476243424
1415487000000,-0.10169876388948595,0.46102686367426193,2.0042861446900524,-0.15903048474715054,0.48280958605392854,1.870369438530721,-0.10403916802396712,0.4633633076503555,1.9945346476243424
1415588000000,-0.10592370274072081,0.4698184182388023,2.0344942051684587,-0.1670347928227709,0.5047813299062864,1.931622348345058,-0.10403916802396712,0.4633633076503555,1.9945346476243424
1415686000000,-0.11042015905284844,0.4784964926868027,2.0646408086969505,-0.1670347928227709,0.5047813299062864,1.931622348345058,-0.11241348120716926,0.4804431641364097,2.052920922957645
1415796000000,-0.11517384543840808,0.4870335016222337,2.0944346486408905,-0.1670347928227709,0.5047813299062864,1.931622348345058,-0.11241348120716926,0.4804431641364097,2.052920922957645
1415885000000,-0.12011833609975617,0.49533259680966485,2.122495710125008,-0.1697718833466645,0.5206521979807301,1.9942851199007965,-0.1222681130808574,0.49778416198297804,2.114918330712906
1415984000000,-0.12534122709451026,0.5035580690043686,2.151675537819409,-0.1697718833466645,0.5206521979807301,1.9942851199007965,-0.1222681130808574,0.49778416198297804,2.114918330712906
1416085000000,-0.13079733367390506,0.5116219110021754,2.181079073440331,-0.17943438318974014,0.5423625814363122,2.055819888727409,-0.13293311826936957,0.5143027180004843,2.172565431396685
1416191000000,-0.13647455788287258,0.5194953413967719,2.2111185728915395,-0.19451371887658542,0.5563773820687699,2.1170975303706787,-0.1390820554609906,0.5226222202567253,2.205303226567396
1416279000000,-0.1422402533932765,0.526980427656745,2.2443827485162893,-0.19178642544795854,0.5669527743910749,2.1622936652626628,-0.1450788917066927,0.5308052576835369,2.238280629656653
1416385000000,-0.1483731676812584,0.5344274598145426,2.275659137944902,-0.20422531949751221,0.5680644884470261,2.1782522711060976,-0.15045486356970858,0.5364895776875704,2.263924293445701
1416491000000,-0.15477126158997825,0.5417291195917591,2.3064681702487566,-0.20422531949751221,0.5680644884470261,2.1782522711060976,-0.15045486356970858,0.5364895776875704,2.263924293445701
1416587000000,-0.16139030656749143,0.5488308238173966,2.3371205059453093,-0.2363935656205003,0.5428452033850428,2.2322727351121356,-0.17151076911861818,0.5559799968559325,2.358371906550422
1416692000000,-0.168147641381008,0.5556491659011366,2.3659653033391606,-0.2363935656205003,0.5428452033850428,2.2322727351121356,-0.17151076911861818,0.5559799968559325,2.358371906550422
1416803000000,-0.1751163219168745,0.5622956962075732,2.3949391133963336,-0.24212065655341597,0.5584338583920596,2.2943991282094025,-0.18505685030190325,0.5687940476215447,2.4150950203354986
1416881000000,-0.18233161739943857,0.5687828608473353,2.424636000503087,-0.24212065655341597,0.5584338583920596,2.2943991282094025,-0.18505685030190325,0.5687940476215447,2.4150950203354986
1416989000000,-0.1897537150692101,0.5750680521532608,2.454353815272595,-0.24212065655341597,0.5584338583920596,2.2943991282094025,-0.18505685030190325,0.5687940476215447,2.4150950203354986
1417082000000,-0.1973785987478621,0.5811452260277157,2.48410563749135,-0.2672519040662349,0.5664099913644501,2.3535634423827694,-0.20064599523738,0.5809318123631729,2.4747894423709016
1417181000000,-0.20519948821350384,0.5870071597137404,2.5138929722616123,-0.2672519040662349,0.5664099913644501,2.3535634423827694,-0.20064599523738,0.5809318123631729,2.4747894423709016
1417292000000,-0.21320710905557252,0.5926459433449333,2.54372942901176,-0.2782153477050513,0.5871330740494292,2.438366661826093,-0.21674917613666567,0.5930686865298285,2.537927119922697
1417387000000,-0.22138136696007701,0.5980466557596248,2.573590513243963,-0.2782153477050513,0.5871330740494292,2.438366661826093,-0.21674917613666567,0.5930686865298285,2.537927119922697
1417488000000,-0.2296587578941293,0.6031734149070953,2.60284126058459,-0.2963857788852604,0.5984856720282808,2.498916078566709,-0.23260408360473755,0.603106740501216,2.594702786629669
1417585000000,-0.23786988951263938,0.6079351666029214,2.630617958537527,-0.2963857788852604,0.5984856720282808,2.498916078566709,-0.23260408360473755,0.603106740501216,2.594702786629669
1417684000000,-0.24627710134400868,0.6124775096486691,2.6618972597108193,-0.3039091954495843,0.6200066592845942,2.5602460771458584,-0.24983377900469142,0.6134526414144819,2.654532871964033
1417787000000,-0.2549195027398814,0.6168151975670003,2.6921412505158155,-0.3039091954495843,0.6200066592845942,2.5602460771458584,-0.24983377900469142,0.6134526414144819,2.654532871964033
1417886000000,-0.2637017208522845,0.6208948186992628,2.722515062799836,-0.33514834242708136,0.6034414995420448,2.6004768910510414,-0.2761851849320267,0.6240370210774778,2.740924954863195
1417986000000,-0.2726208698849729,0.6247126196583876,2.752964436569351,-0.33514834242708136,0.6034414995420448,2.6004768910510414,-0.2761851849320267,0.6240370210774778,2.740924954863195
1418088000000,-0.2816727138860564,0.6282652221019589,2.783431677728578,-0.34939825359235877,0.6144799215826111,2.6853486823744928,-0.2761851849320267,0.6240370210774778,2.740924954863195
1418186000000,-0.29084592113672475,0.631547422597506,2.8138385737683045,-0.34939825359235877,0.6144799215826111,2.6853486823744928,-0.294161040543601,0.6309472757885949,2.803516495668003
1418284000000,-0.3001104202229503,0.6345482860502456,2.843864447452678,-0.34939825359235877,0.6144799215826111,2.6853486823744928,-0.294161040543601,0.6309472757885949,2.803516495668003
1418388000000,-0.3092638918292231,0.6372204480683007,2.8707352049161554,-0.36308513921907615,0.6224077071151203,2.7451225379819992,-0.31277213576970486,0.6367710370108697,2.8641839743019286
1418491000000,-0.3186367463541483,0.6396845140234257,2.8995570176457828,-0.38235969263226655,0.6318830927265666,2.8121113979731285,-0.3227489537220461,0.6395032447351268,2.895168773823131
1418584000000,-0.3281287124996657,0.6418862386365043,2.9288581521151262,-0.3903162815296275,0.62480382773425,2.8263222390777636,-0.3326155700298499,0.6413637576900486,2.9238042553315595
1418684000000,-0.33769962579874413,0.6438132743360534,2.958248070155805,-0.3924633866632006,0.6559849129689344,2.8713671019440983,-0.340919648175741,0.644299558818034,2.9515887729127948
1418793000000,-0.3473309239447709,0.6454592381729551,2.9878649446965295,-0.4006194467111339,0.6778983573745763,2.9260971781822245,-0.3511645978920865,0.6467766221913893,2.985179628821261
1418883000000,-0.357008076750638,0.646815601728408,3.0177772762658575,-0.4006194467111339,0.6778983573745763,2.9260971781822245,-0.3511645978920865,0.6467766221913893,2.985179628821261
1418990000000,-0.36666382782440726,0.6478743570537739,3.048524035319968,-0.4100427677913756,0.5945256381210638,2.9465180603714467,-0.37892867087302623,0.6465581162064659,3.0682448140470333
1419083000000,-0.3763491751441391,0.6486352278648002,3.0790834667919453,-0.4100427677913756,0.5945256381210638,2.9465180603714467,-0.37892867087302623,0.6465581162064659,3.0682448140470333
1419198000000,-0.38591624033067135,0.6490934877567331,3.107897390619804,-0.4274118008448149,0.5940812252834675,3.008301426327081,-0.39746326360711887,0.6472058408701982,3.1257454564255074
1419286000000,-0.39544248870336635,0.6492876126997454,3.1359152421569125,-0.4274118008448149,0.5940812252834675,3.008301426327081,-0.39746326360711887,0.6472058408701982,3.1257454564255074
1419390000000,-0.40512082727885723,0.6492027287185964,-3.1173399399579242,-0.4274118008448149,0.5940812252834675,3.008301426327081,-0.39746326360711887,0.6472058408701982,3.1257454564255074
1419487000000,-0.41481380079938934,0.6488274284928713,-3.0873767987412184,-0.4449698049463062,0.5970308107851028,3.060250299667391,-0.41770102454870134,0.6411546133585262,-2.498472489760482
1419589000000,-0.4245153975585803,0.6481600183037878,-3.0573746998613074,-0.4449698049463062,0.5970308107851028,3.060250299667391,-0.41770102454870134,0.6411546133585262,-2.498472489760482
1419688000000,-0.4342165609783132,0.6471995921008621,-3.0273491017036607,-0.45819818695130454,0.5980995278767446,3.1200828157500884,-0.436108748010406,0.639837822971113,-2.4394226963918775
1419794000000,-0.44390727653364886,0.6459458883852364,-2.9973222218896587,-0.45819818695130454,0.5980995278767446,3.1200828157500884,-0.436108748010406,0.639837822971113,-2.4394226963918775
1419884000000,-0.45357077467213913,0.6444008475606778,-2.967406553755132,-0.4907757025606796,0.6031264876473271,-3.0942630805085325,-0.4570987959278995,0.642758107491881,-2.975327761365993
1419990000000,-0.4631799706146511,0.6425728455458649,-2.9377847618011934,-0.4907757025606796,0.6031264876473271,-3.0942630805085325,-0.4570987959278995,0.642758107491881,-2.975327761365993
1420089000000,-0.4726788970749629,0.6404724754157055,-2.9088738992301053,-0.502908930385584,0.5948803697086013,-3.0387365421854553,-0.47604039741590615,0.6386045897737088,-2.915570060779419
1420184000000,-0.4821137626912651,0.6380968479015251,-2.879540523978867,-0.502908930385584,0.5948803697086013,-3.0387365421854553,-0.47604039741590615,0.6386045897737088,-2.915570060779419
1420290000000,-0.49142236611666834,0.6354557932677944,-2.8493906756686838,-0.52336173805197,0.5981923881103419,-2.9530605349934334,-0.4943557420988003,0.6339645161677965,-2.8565220622873726
1420389000000,-0.5003428648337581,0.6326120801664601,-2.815404952896734,-0.52336173805197,0.5981923881103419,-2.9530605349934334,-0.4943557420988003,0.6339645161677965,-2.8565220622873726
1420492000000,-0.5094067953815276,0.6293888564359512,-2.784037195757018,-0.5437818745076852,0.5892459867476635,-2.897884005535896,-0.5205661554477716,0.6245499686336442,-2.7660561993348556
1420586000000,-0.5184444470801935,0.6258602083532333,-2.7533047112408857,-0.5437818745076852,0.5892459867476635,-2.897884005535896,-0.5205661554477716,0.6245499686336442,-2.7660561993348556
1420682000000,-0.5273832811530906,0.6220500120543349,-2.7225363400539146,-0.5782185455869997,0.5544036477585053,-2.814475930138441,-0.5205661554477716,0.6245499686336442,-2.7660561993348556
1420791000000,-0.5362017358712533,0.6179677628118259,-2.6919999104864356,-0.5782185455869997,0.5544036477585053,-2.814475930138441,-0.539748956618299,0.6155855772187497,-2.7012642077917475
1420887000000,-0.5448143763753368,0.6136575610911577,-2.6630247359413257,-0.5782185455869997,0.5544036477585053,-2.814475930138441,-0.539748956618299,0.6155855772187497,-2.7012642077917475
1420986000000,-0.5533610722975534,0.6090663003300912,-2.633362535460866,-0.5881753663041285,0.5498333636621009,-2.7521322580538725,-0.5565156071910347,0.6067313682892117,-2.6411849568548167
1421084000000,-0.561782665464557,0.6042164234918002,-2.6037652803310505,-0.5881753663041285,0.5498333636621009,-2.7521322580538725,-0.5565156071910347,0.6067313682892117,-2.6411849568548167
1421186000000,-0.5700771477863903,0.5991073315961988,-2.5741441797512103,-0.6143483691467952,0.5362124131061654,-2.6837939845645793,-0.5737487762917012,0.5965929098333234,-2.581064177147339
1421288000000,-0.5782363043001973,0.5937420199086693,-2.544480065148277,-0.6143483691467952,0.5362124131061654,-2.6837939845645793,-0.5737487762917012,0.5965929098333234,-2.581064177147339
1421388000000,-0.5862496275840864,0.5881260146831533,-2.514740660666154,-0.6296539009735438,0.5276020144258027,-2.6250327173912367,-0.5899274293538941,0.58552148769957,-2.5212310948171597
1421495000000,-0.5941002420047095,0.5822693952879537,-2.484825349610499,-0.6296539009735438,0.5276020144258027,-2.6250327173912367,-0.5899274293538941,0.58552148769957,-2.5212310948171597
1421584000000,-0.6017616755843982,0.5761921016467954,-2.4547158616981135,-0.6459349678548612,0.5120575592496683,-2.546957159479976,-0.6046487876858111,0.574010778158394,-2.4628259338638405
1421680000000,-0.609109725767237,0.5700176946528386,-2.424171885411191,-0.6459349678548612,0.5120575592496683,-2.546957159479976,-0.6046487876858111,0.574010778158394,-2.4628259338638405
1421783000000,-0.616117657343803,0.5637084348253633,-2.3929292994135087,-0.6622937892034932,0.5044767233606788,-2.4834609581516163,-0.6261172757482997,0.5547004181938168,-2.3718359939584657
1421891000000,-0.6231005662160862,0.5570289019033606,-2.362813469080764,-0.6622937892034932,0.5044767233606788,-2.4834609581516163,-0.6261172757482997,0.5547004181938168,-2.3718359939584657
1421992000000,-0.6298867435538567,0.5501349443197836,-2.3325714652576197,-0.6696992543525613,0.49313232924189965,-2.423941822058321,-0.6390224272564168,0.5407256760956342,-2.3115585891789987
1422087000000,-0.6364739328633936,0.5430243394705238,-2.302243634476204,-0.6696992543525613,0.49313232924189965,-2.423941822058321,-0.6390224272564168,0.5407256760956342,-2.3115585891789987
1422185000000,-0.6428576458235532,0.5356995481840376,-2.2718847053406828,-0.6696992543525613,0.49313232924189965,-2.423941822058321,-0.6390224272564168,0.5407256760956342,-2.3115585891789987
1422278000000,-0.6490309971950766,0.5281664086211652,-2.241519603564647,-0.6696992543525613,0.49313232924189965,-2.423941822058321,-0.6390224272564168,0.5407256760956342,-2.3115585891789987
1422384000000,-0.6549840716511455,0.5204365178647481,-2.2112463723160536,-0.6581462358498039,0.4423006613486342,-2.365694382507135,-0.6558029425483881,0.5170273391265003,-2.2233118547510564
1422484000000,-0.6606920300502891,0.5125413039117415,-2.181491186645779,-0.6581462358498039,0.4423006613486342,-2.365694382507135,-0.6558029425483881,0.5170273391265003,-2.2233118547510564
1422586000000,-0.666066477183317,0.5046425691729456,-2.1546365330060246,-0.6581462358498039,0.4423006613486342,-2.365694382507135,-0.6558029425483881,0.5170273391265003,-2.2233118547510564
1422685000000,-0.6713184228742046,0.49644460916994076,-2.125442083590394,-0.7135748758950069,0.46403268147015453,-2.2714646293214997,-0.6740741921151834,0.49460323321360294,-2.1360572726043774
1422783000000,-0.6763371919851445,0.48808424223675717,-2.0961723135029167,-0.7135748758950069,0.46403268147015453,-2.2714646293214997,-0.6740741921151834,0.49460323321360294,-2.1360572726043774
1422886000000,-0.6811111857494687,0.4795761064124911,-2.066651500888692,-0.7135748758950069,0.46403268147015453,-2.2714646293214997,-0.6740741921151834,0.49460323321360294,-2.1360572726043774
1422995000000,-0.6856256429756763,0.47093410870228963,-2.0367457918765646,-0.6952432239400561,0.401382772277733,-2.1706575999273547,-0.6866295612351632,0.4673661472600983,-2.0462345323101556
1423092000000,-0.6898158831251905,0.46227790015879633,-2.005072402551919,-0.6952432239400561,0.401382772277733,-2.1706575999273547,-0.6866295612351632,0.4673661472600983,-2.0462345323101556
1423184000000,-0.69376921582734,0.4534116887462624,-1.9742507049869675,-0.7235926229876131,0.3734595265669174,-2.0768761709985384,-0.6958497570292911,0.4488511919589001,-1.9807001341296426
1423282000000,-0.6974463183948912,0.44443749256705406,-1.943623964672697,-0.7235926229876131,0.3734595265669174,-2.0768761709985384,-0.6958497570292911,0.4488511919589001,-1.9807001341296426
1423384000000,-0.700788415687787,0.435515494164302,-1.9155687377290127,-0.7485640187158429,0.34443149915182025,-1.9952596802085423,-0.7035414965795161,0.43042750658278794,-1.9185411711257974
1423488000000,-0.7039085688863088,0.42643789899075746,-1.886739248996192,-0.7485640187158429,0.34443149915182025,-1.9952596802085423,-0.7035414965795161,0.43042750658278794,-1.9185411711257974
1423581000000,-0.706786460261777,0.41718447882185516,-1.8568991361849485,-0.7377500143869063,0.3352412752902374,-1.938972038423682,-0.708322150843171,0.41312454338648236,-1.8651496679450166
1423694000000,-0.7093933954501566,0.40782700815875406,-1.8270280924809852,-0.7377500143869063,0.3352412752902374,-1.938972038423682,-0.708322150843171,0.41312454338648236,-1.8651496679450166
1423791000000,-0.7117254485681486,0.39837191035261055,-1.7971241607505382,-0.7009295300796627,0.3009371790938926,-1.9018266425768546,-0.7134544413379035,0.383262091523614,-1.7755698716182249
1423889000000,-0.7137790247836415,0.3888278220700761,-1.767198843802685,-0.7009295300796627,0.3009371790938926,-1.9018266425768546,-0.7134544413379035,0.383262091523614,-1.7755698716182249
1423987000000,-0.7155508458655565,0.3792050560317931,-1.73727295299219,-0.7009295300796627,0.3009371790938926,-1.9018266425768546,-0.7134544413379035,0.383262091523614,-1.7755698716182249
1424098000000,-0.7170373150879474,0.36952463488723125,-1.7074794633550299,-0.6678558541990313,0.2923942106537001,-1.8326000369577404,-0.7134544413379035,0.383262091523614,-1.7755698716182249
1424194000000,-0.7182277890698079,0.3598830877148783,-1.6789270611165579,-0.6678558541990313,0.2923942106537001,-1.8326000369577404,-0.7161105231458512,0.3555340323834571,-1.6890560606111134
1424283000000,-0.7191401845551283,0.3503789893505681,-1.6522852954447131,-0.6678558541990313,0.2923942106537001,-1.8326000369577404,-0.7161105231458512,0.3555340323834571,-1.6890560606111134
1424387000000,-0.7197899496336438,0.34066446437746634,-1.6230101575640685,-0.6678558541990313,0.2923942106537001,-1.8326000369577404,-0.7161105231458512,0.3555340323834571,-1.6890560606111134
1424487000000,-0.7201521756988924,0.3310048892802572,-1.5926815616995438,-0.7427415926598405,0.2685245958474598,-1.728910734336222,-0.7210850041400445,0.3269918387701641,-1.6036925083120588
1424588000000,-0.7202228325693402,0.32131769269695987,-1.562313564332802,-0.7427415926598405,0.2685245958474598,-1.728910734336222,-0.7210850041400445,0.3269918387701641,-1.6036925083120588
1424680000000,-0.7199986402225392,0.31162229740530833,-1.5317888523865029,-0.7427415926598405,0.2685245958474598,-1.728910734336222,-0.7210850041400445,0.3269918387701641,-1.6036925083120588
1424782000000,-0.719477405395671,0.30192241516742363,-1.5011876114731415,-0.6603348895283,0.24026485089137806,-1.6545888152425818,-0.7169889024700786,0.2975754281620909,-1.5131456532240866
1424886000000,-0.718659019192587,0.29222785255210554,-1.470640371668372,-0.6603348895283,0.24026485089137806,-1.6545888152425818,-0.7169889024700786,0.2975754281620909,-1.5131456532240866
1424987000000,-0.7175452485024147,0.2825723043072748,-1.4405318560928888,-0.6287228942320328,0.23326389085905763,-1.5711491345166377,-0.713824458193011,0.2782131837233421,-1.4480627234633392
1425083000000,-0.7161828887631021,0.2731615781743096,-1.4137165627727855,-0.6287228942320328,0.23326389085905763,-1.5711491345166377,-0.713824458193011,0.2782131837233421,-1.4480627234633392
1425186000000,-0.714531009820849,0.26360367064434975,-1.3844895681606102,-0.6618040479999757,0.19409476745789433,-1.4941930438099127,-0.7104432648454858,0.24973089393384784,-1.364908479933038
1425286000000,-0.7125940813518467,0.25406579076192287,-1.3550152765712127,-0.6618040479999757,0.19409476745789433,-1.4941930438099127,-0.7104432648454858,0.24973089393384784,-1.364908479933038
1425394000000,-0.7103706327400822,0.2445679829329031,-1.3254746529036188,-0.6618040479999757,0.19409476745789433,-1.4941930438099127,-0.7104432648454858,0.24973089393384784,-1.364908479933038
1425496000000,-0.7078627771645146,0.2351203692189168,-1.2958412285406313,-0.6350765142179193,0.17130656380432763,-1.4392181120476375,-0.7021844218446186,0.22149992309472724,-1.2788567964685844
1425588000000,-0.705073657492193,0.2257433035481554,-1.265983899469683,-0.6350765142179193,0.17130656380432763,-1.4392181120476375,-0.7021844218446186,0.22149992309472724,-1.2788567964685844
1425687000000,-0.7020096205060188,0.21646118250302884,-1.2357376453845668,-0.6350765142179193,0.17130656380432763,-1.4392181120476375,-0.7021844218446186,0.22149992309472724,-1.2788567964685844
1425783000000,-0.6987228594812762,0.20744585387209985,-1.2035237266409273,-0.6350765142179193,0.17130656380432763,-1.4392181120476375,-0.7021844218446186,0.22149992309472724,-1.2788567964685844
1425885000000,-0.695213680043615,0.19873972312358357,-1.171513601960085,-0.6574096757524948,0.14323100608619077,-1.335299258801377,-0.69334328203775,0.19419684667951262,-1.1857522417601418
1425994000000,-0.6913375063088251,0.18991156683629773,-1.1416752204475078,-0.6574096757524948,0.14323100608619077,-1.335299258801377,-0.69334328203775,0.19419684667951262,-1.1857522417601418
1426089000000,-0.6871892512880358,0.18118160109652667,-1.1115332799363231,-0.6574096757524948,0.14323100608619077,-1.335299258801377,-0.69334328203775,0.19419684667951262,-1.1857522417601418
1426184000000,-0.6827712690587888,0.17256470137373828,-1.0813255995183844,-0.6110396447402726,0.10627450630111679,-1.2214683907847101,-0.679493049863736,0.16725356958687268,-1.090475062954463
1426284000000,-0.6780833029687875,0.16406459905437798,-1.0510856288989365,-0.6110396447402726,0.10627450630111679,-1.2214683907847101,-0.679493049863736,0.16725356958687268,-1.090475062954463
1426382000000,-0.6731279475048174,0.15568903635101303,-1.020827128155947,-0.5945257070140619,0.09078586065336047,-1.1278845247213096,-0.6697053715926555,0.15078822048018034,-1.0277752747136477
1426490000000,-0.667909276020401,0.14744710764629096,-0.9905704558605766,-0.5945257070140619,0.09078586065336047,-1.1278845247213096,-0.6697053715926555,0.15078822048018034,-1.0277752747136477
1426586000000,-0.6624364349598445,0.1393535550052965,-0.9604407196715953,-0.5945257070140619,0.09078586065336047,-1.1278845247213096,-0.6697053715926555,0.15078822048018034,-1.0277752747136477
1426686000000,-0.6567383765398996,0.13145195586660216,-0.9310188295984744,-0.6039829876734342,0.0604484638851579,-1.0682483902892805,-0.6545877282877978,0.12686087873489107,-0.942194895404959
1426789000000,-0.6508765372093639,0.12379071234800482,-0.9031069316162873,-0.6039829876734342,0.0604484638851579,-1.0682483902892805,-0.6545877282877978,0.12686087873489107,-0.942194895404959
1426884000000,-0.6447375847924958,0.1162248500931505,-0.8739274279812493,-0.6039829876734342,0.0604484638851579,-1.0682483902892805,-0.6545877282877978,0.12686087873489107,-0.942194895404959
1426979000000,-0.6383809999093454,0.10884239431847527,-0.8445083326168126,-0.5430312922237477,0.07030029584921338,-0.9649891668046578,-0.6340735707401305,0.10548482427419321,-0.8513679489713091
1427096000000,-0.6318185370205669,0.101665106551125,-0.8145839695523162,-0.5430312922237477,0.07030029584921338,-0.9649891668046578,-0.6340735707401305,0.10548482427419321,-0.8513679489713091
1427186000000,-0.6251902814118534,0.09485532599239944,-0.7818482943559125,-0.5430312922237477,0.07030029584921338,-0.9649891668046578,-0.6340735707401305,0.10548482427419321,-0.8513679489713091
1427290000000,-0.6182403098831043,0.08816384586717066,-0.7505037843844828,-0.5029613185137334,0.0755411722183188,-0.8836935346350983,-0.6064387053963501,0.08049473994031917,-0.7331435861564845
1427386000000,-0.6110439168256264,0.08164777900330948,-0.7196931971010279,-0.5029613185137334,0.0755411722183188,-0.8836935346350983,-0.6064387053963501,0.08049473994031917,-0.7331435861564845
1427485000000,-0.6036582247743508,0.0753633306250681,-0.6891663773889372,-0.5029613185137334,0.0755411722183188,-0.8836935346350983,-0.6064387053963501,0.08049473994031917,-0.7331435861564845
1427596000000,-0.5962202465505898,0.06940818274187402,-0.6613124255159928,-0.49570359480361037,0.052030654796954234,-0.7907094851116123,-0.6064387053963501,0.08049473994031917,-0.7331435861564845
1427684000000,-0.5885038373424829,0.06357777204585251,-0.6317332743015313,-0.49570359480361037,0.052030654796954234,-0.7907094851116123,-0.5843258336989852,0.06227927936707917,-0.6439009664820718
1427785000000,-0.5805910881851991,0.0579601171267566,-0.601985530373772,-0.49570359480361037,0.052030654796954234,-0.7907094851116123,-0.5843258336989852,0.06227927936707917,-0.6439009664820718
1427885000000,-0.572494796158594,0.052566851286316184,-0.572206856482333,-0.49570359480361037,0.052030654796954234,-0.7907094851116123,-0.5843258336989852,0.06227927936707917,-0.6439009664820718
1427985000000,-0.5642206509291166,0.04740401846241735,-0.5423966644582093,-0.5300505934691611,-0.03748039527086133,-0.678213272150981,-0.562142060428711,0.042388533024132584,-0.5526134195087792
1428083000000,-0.5557762467894909,0.042478012354049334,-0.5125577771845127,-0.5300505934691611,-0.03748039527086133,-0.678213272150981,-0.562142060428711,0.042388533024132584,-0.5526134195087792
1428184000000,-0.5471722724835262,0.03779562636820219,-0.482695513388271,-0.5300505934691611,-0.03748039527086133,-0.678213272150981,-0.562142060428711,0.042388533024132584,-0.5526134195087792
1428283000000,-0.5384344329385535,0.033370797598097565,-0.4529275772376313,-0.4600034167244804,-0.0036238248092450576,-0.5849071420311428,-0.5346741343378557,0.03112721837118215,-0.4633171337283873
1428391000000,-0.5297004773267951,0.029263841366884587,-0.42493503830412593,-0.4600034167244804,-0.0036238248092450576,-0.5849071420311428,-0.5346741343378557,0.03112721837118215,-0.4633171337283873
1428496000000,-0.5209394383863705,0.02544250211216665,-0.3966348064615518,-0.4600034167244804,-0.0036238248092450576,-0.5849071420311428,-0.5346741343378557,0.03112721837118215,-0.4633171337283873
1428578000000,-0.5120426569832115,0.02187589930892305,-0.3656235884515079,-0.43421978274101836,-0.13168256482854462,-0.4231729623283151,-0.5070750268597417,0.013602710410390574,-0.3680098962081225
1428689000000,-0.5029582914979297,0.018548873611135126,-0.33534818123950827,-0.43421978274101836,-0.13168256482854462,-0.4231729623283151,-0.5070750268597417,0.013602710410390574,-0.3680098962081225
1428783000000,-0.49376537746033,0.01549474637400231,-0.3049306073202127,-0.43421978274101836,-0.13168256482854462,-0.4231729623283151,-0.5070750268597417,0.013602710410390574,-0.3680098962081225
1428891000000,-0.4844668787211599,0.012717099936795446,-0.274432268428537,-0.3866284247666003,0.0016024987486340514,-0.4171815015283506,-0.4794761096570632,0.011973342734877743,-0.28680114610422797
1428986000000,-0.4750676410116449,0.010218773478579147,-0.2439191659727584,-0.3866284247666003,0.0016024987486340514,-0.4171815015283506,-0.4794761096570632,0.011973342734877743,-0.28680114610422797
1429089000000,-0.4655829076628952,0.008004279153054404,-0.213523201328594,-0.3866284247666003,0.0016024987486340514,-0.4171815015283506,-0.4794761096570632,0.011973342734877743,-0.28680114610422797
1429185000000,-0.4560635180078284,0.006085867411138088,-0.1838560356158047,-0.38186251225714396,-0.04953076835978232,-0.30419002337274603,-0.4515724249998246,0.0033428399091156792,-0.19216504538934415
1429286000000,-0.4466973517933647,0.004469335249938469,-0.15736845006222516,-0.38186251225714396,-0.04953076835978232,-0.30419002337274603,-0.4515724249998246,0.0033428399091156792,-0.19216504538934415
1429382000000,-0.4370700251914557,0.0030810970956307053,-0.12803381360333435,-0.38186251225714396,-0.04953076835978232,-0.30419002337274603,-0.4515724249998246,0.0033428399091156792,-0.19216504538934415
1429489000000,-0.4273863682746733,0.0019733011636570044,-0.09867859518002416,-0.3445314907831025,0.01905369183228656,-0.22843997644968297,-0.4136518656667924,0.0019248992250281976,-0.08251222326155666
1429587000000,-0.41765405320798926,0.0011480056290841796,-0.0692390789420789,-0.3445314907831025,0.01905369183228656,-0.22843997644968297,-0.4136518656667924,0.0019248992250281976,-0.08251222326155666
1429685000000,-0.4078914792016417,0.0006090100600682547,-0.03960004652931647,-0.3445314907831025,0.01905369183228656,-0.22843997644968297,-0.4136518656667924,0.0019248992250281976,-0.08251222326155666
1429784000000,-0.39811570347953357,0.0003626099849198869,-0.009676683919188368,-0.3445314907831025,0.01905369183228656,-0.22843997644968297,-0.4136518656667924,0.0019248992250281976,-0.08251222326155666
1429890000000,-0.3883548519636126,0.00040946449025196913,0.02056547462610008,-0.30930441580594525,0.04911117617414029,-0.1123254359866176,-0.3832630951305388,0.0025568525656116947,0.010880058852591497
1429988000000,-0.3786646207117881,0.0007526599701924129,0.051140947734539546,-0.30930441580594525,0.04911117617414029,-0.1123254359866176,-0.3832630951305388,0.0025568525656116947,0.010880058852591497
1430087000000,-0.36918665854864474,0.0013723977707437317,0.07876174991905821,-0.30930441580594525,0.04911117617414029,-0.1123254359866176,-0.3832630951305388,0.0025568525656116947,0.010880058852591497
1430191000000,-0.35961213095769684,0.002262457479520736,0.1080117961963769,-0.31051250917918294,0.0882116493435916,-0.05450696682070379,-0.35566287408785063,0.005958247625631349,0.09702087453430633
1430286000000,-0.3500037216903719,0.0034452007850274153,0.13798715158253255,-0.31051250917918294,0.0882116493435916,-0.05450696682070379,-0.35566287408785063,0.005958247625631349,0.09702087453430633
1430387000000,-0.3404131564081621,0.004918821849141472,0.1680108742717471,-0.31051250917918294,0.0882116493435916,-0.05450696682070379,-0.35566287408785063,0.005958247625631349,0.09702087453430633
1430478000000,-0.33084742419984364,0.006683744391949208,0.19806713559907277,-0.23894493602739209,-0.07142380460257287,0.0978569218094344,-0.324701551805257,0.003931388676739052,0.19189611650655333
1430592000000,-0.3213181912270595,0.00873939735959469,0.22823901012085743,-0.23894493602739209,-0.07142380460257287,0.0978569218094344,-0.324701551805257,0.003931388676739052,0.19189611650655333
